date,wind_onshore_gwh,wind_offshore_gwh,wind_energy_gwh
2020-12-31,4.007706,7.366224,11.37393
2021-01-01,2.364463,1.732419,4.096882
2021-01-02,26.663979,17.367933,44.031912000000005
2021-01-03,67.611154,41.667319,109.27847299999999
2021-01-04,44.709422,30.24539,74.954812
2021-01-05,10.341024,10.208406,20.54943
2021-01-06,9.494532,16.279493,25.774024999999998
2021-01-07,1.945651,6.744608,8.690259000000001
2021-01-08,3.222913,4.405917,7.62883
2021-01-09,14.782855,9.85982,24.642674999999997
2021-01-10,66.54348,40.591606,107.135086
2021-01-11,44.124852,40.167822,84.292674
2021-01-12,41.615326,32.492467,74.107793
2021-01-13,15.074467,17.088782,32.163249
2021-01-14,3.444716,4.592926,8.037642
2021-01-15,24.365203,27.005948,51.371151
2021-01-16,12.907157,21.667021,34.574177999999996
2021-01-17,35.036702,26.799064,61.835766
2021-01-18,81.900014,49.832675,131.732689
2021-01-19,86.219689,52.667924,138.887613
2021-01-20,79.941786,46.511008,126.45279399999998
2021-01-21,37.585025,21.975492,59.560517000000004
2021-01-22,20.383677,15.350807,35.734483999999995
2021-01-23,6.04497,13.343976,19.388946
2021-01-24,18.322504,16.645172,34.967676
2021-01-25,26.374727,24.113398,50.488125
2021-01-26,30.888668,26.11931,57.007977999999994
2021-01-27,16.41619,15.386269,31.802459
2021-01-28,53.473213,37.84625,91.319463
2021-01-29,40.616107,28.710281,69.326388
2021-01-30,19.567905,18.070453,37.638358
2021-01-31,12.253938,6.820836,19.074773999999998
2021-02-01,16.790641,19.589085,36.379726000000005
2021-02-02,20.127474,19.341597,39.469071
2021-02-03,14.996161,13.482845,28.479006
2021-02-04,20.370198,14.214135,34.584333
2021-02-05,67.049611,32.425344,99.474955
2021-02-06,87.475499,50.600176,138.075675
2021-02-07,74.953633,44.876089,119.829722
2021-02-08,27.546792,19.973866,47.520658
2021-02-09,11.464252,8.894596,20.358848000000002
2021-02-10,2.318314,4.06715,6.385464
2021-02-11,35.54159,26.241881,61.783471
2021-02-12,28.061359,35.002533,63.063891999999996
2021-02-13,42.75225,43.026287,85.778537
2021-02-14,47.6978,37.356116,85.053916
2021-02-15,31.388615,36.767796,68.15641099999999
2021-02-16,49.503637,40.664466,90.168103
2021-02-17,48.292953,44.306191,92.599144
2021-02-18,39.346521,37.991919,77.33844
2021-02-19,43.232663,44.5397,87.77236300000001
2021-02-20,16.377268,24.730014,41.107282
2021-02-21,17.682477,24.559381,42.24185799999999
2021-02-22,31.149555,27.563413,58.712968000000004
2021-02-23,42.345751,40.668492,83.014243
2021-02-24,17.737079,16.243186,33.980265
2021-02-25,11.289601,8.958991,20.248592
2021-02-26,0.766328,2.234577,3.000905
2021-02-27,5.268895,3.824921,9.093816
2021-02-28,19.621809,6.494488,26.116297
2021-03-01,8.624753,3.832309,12.457062
2021-03-02,3.248262,1.99265,5.240912
2021-03-03,13.923037,10.873995,24.797032
2021-03-04,12.171759,14.4022,26.573959000000002
2021-03-05,2.804285,3.715685,6.519970000000001
2021-03-06,8.387634,6.44677,14.834404
2021-03-07,9.1903,5.554681,14.744981000000001
2021-03-08,14.95687,8.524461,23.481331
2021-03-09,48.090287,36.420569,84.51085599999999
2021-03-10,81.994304,51.947968,133.942272
2021-03-11,84.245291,49.415409,133.6607
2021-03-12,86.531849,51.122671,137.65452
2021-03-13,53.681499,37.523393,91.204892
2021-03-14,58.010452,39.715258,97.72570999999999
2021-03-15,18.304839,13.270781,31.57562
2021-03-16,29.115838,26.649149,55.764987000000005
2021-03-17,13.527422,13.778955,27.306376999999998
2021-03-18,26.267067,21.679088,47.946155000000005
2021-03-19,11.981796,7.640686,19.622481999999998
2021-03-20,49.892476,31.645324,81.5378
2021-03-21,8.768773,7.058408,15.827181
2021-03-22,12.66473,5.818305,18.483035
2021-03-23,18.291583,10.751838,29.043421
2021-03-24,18.697763,15.118522,33.816285
2021-03-25,55.677166,41.812627,97.48979299999999
2021-03-26,65.135835,40.496756,105.63259099999999
2021-03-27,69.387716,43.570146,112.957862
2021-03-28,61.080293,35.274722,96.355015
2021-03-29,5.281507,6.296079,11.577586
2021-03-30,0.489969,1.660828,2.150797
2021-03-31,33.965052,29.076705,63.041757000000004
2021-04-01,38.338721,33.296667,71.635388
2021-04-02,41.87403,36.805144,78.67917399999999
2021-04-03,25.156383,16.305203,41.461586
2021-04-04,83.433059,49.788135,133.221194
2021-04-05,65.70813,50.047196,115.755326
2021-04-06,67.907414,47.9153,115.822714
2021-04-07,41.685804,25.206276,66.89207999999999
2021-04-08,39.881391,18.992285,58.873676
2021-04-09,38.545093,22.270141,60.815234000000004
2021-04-10,55.342024,36.145148,91.487172
2021-04-11,23.425964,13.71648,37.142444
2021-04-12,18.523286,12.26188,30.785165999999997
2021-04-13,14.004723,11.420032,25.424755
2021-04-14,11.40036,9.88347,21.283830000000002
2021-04-15,22.928136,19.099843,42.027979
2021-04-16,24.596637,21.218668,45.815305
2021-04-17,7.159326,3.479847,10.639173
2021-04-18,5.449635,4.629096,10.078731
2021-04-19,3.310415,1.30904,4.619455
2021-04-20,36.85431,28.761554,65.615864
2021-04-21,28.039444,20.703244,48.742688
2021-04-22,7.435206,6.2334,13.668606
2021-04-23,25.916418,16.464244,42.380662
2021-04-24,26.144885,25.224681,51.369566
2021-04-25,18.430908,16.538156,34.969064
2021-04-26,17.474875,9.421601,26.896476
2021-04-27,32.760124,19.265437,52.025560999999996
2021-04-28,43.996254,36.743024,80.739278
2021-04-29,4.119402,4.248225,8.367626999999999
2021-04-30,13.280801,8.267178,21.547978999999998
2021-05-01,34.580946,16.830309,51.411255
2021-05-02,38.154791,18.21097,56.365761000000006
2021-05-03,95.145577,51.733883,146.87946
2021-05-04,77.389032,42.411038,119.80007
2021-05-05,9.822407,6.802229,16.624636
2021-05-06,26.20904,12.3204,38.52944
2021-05-07,36.02874,27.135434,63.164174
2021-05-08,26.67596,25.71947,52.395430000000005
2021-05-09,35.532905,20.524829,56.057733999999996
2021-05-10,6.192969,3.468264,9.661233
2021-05-11,10.58425,8.419068,19.003318
2021-05-12,10.573282,9.533527,20.106809
2021-05-13,3.694862,3.429225,7.124087
2021-05-14,2.707637,1.981636,4.689273
2021-05-15,16.488971,9.390051,25.879022
2021-05-16,16.059396,12.042018,28.101414
2021-05-17,12.212925,7.415844,19.628769
2021-05-18,8.12991,4.972051,13.101961000000001
2021-05-19,23.339348,18.226253,41.565601
2021-05-20,83.78321,51.962442,135.745652
2021-05-21,78.54848,40.847168,119.395648
2021-05-22,31.431297,20.057592,51.488889
2021-05-23,33.103876,25.701629,58.805505
2021-05-24,35.785762,27.386391,63.172152999999994
2021-05-25,49.009204,30.078194,79.087398
2021-05-26,49.194938,31.638994,80.833932
2021-05-27,4.275227,2.601837,6.877064000000001
2021-05-28,9.94202,8.667441,18.609461
2021-05-29,12.388482,8.234048,20.622529999999998
2021-05-30,10.707948,8.050587,18.758535000000002
2021-05-31,20.252587,11.069193,31.321779999999997
2021-06-01,12.044099,10.675833,22.719932
2021-06-02,11.684435,7.757208,19.441643
2021-06-03,5.844712,4.941196,10.785908
2021-06-04,15.890245,12.149303,28.039548
2021-06-05,15.986952,8.215501,24.202453
2021-06-06,8.887489,5.550802,14.438291
2021-06-07,1.98984,0.724596,2.714436
2021-06-08,5.926784,1.808995,7.735778999999999
2021-06-09,5.164559,3.460378,8.624937
2021-06-10,16.889661,8.132306,25.021967
2021-06-11,32.662012,15.154105,47.816117
2021-06-12,2.001815,2.265324,4.267139
2021-06-13,14.304056,7.985946,22.290002
2021-06-14,5.110835,5.241684,10.352519000000001
2021-06-15,4.660008,5.658401,10.318408999999999
2021-06-16,19.955794,11.942975,31.898769
2021-06-17,19.22647,12.3794,31.60587
2021-06-18,24.317224,16.330452,40.647676000000004
2021-06-19,22.136913,13.925785,36.062698
2021-06-20,43.162203,36.272123,79.434326
2021-06-21,28.242348,31.049705,59.292052999999996
2021-06-22,9.136382,9.389695,18.526077
2021-06-23,2.050296,1.311456,3.361752
2021-06-24,11.77439,10.140257,21.914647000000002
2021-06-25,5.226749,2.616612,7.843361
2021-06-26,28.894023,13.90776,42.801783
2021-06-27,7.168039,6.619672,13.787711
2021-06-28,17.145377,20.287155,37.432531999999995
2021-06-29,16.619862,21.653826,38.273688
2021-06-30,22.407236,15.064617,37.471853
2021-07-01,4.366602,2.685412,7.052014
2021-07-02,4.689119,6.078059,10.767178
2021-07-03,1.884422,1.921952,3.806374
2021-07-04,15.68953,9.195476,24.885005999999997
2021-07-05,63.505623,44.751747,108.25737000000001
2021-07-06,29.186189,20.821299,50.007487999999995
2021-07-07,4.91547,3.550653,8.466123
2021-07-08,3.957836,1.747581,5.705417
2021-07-09,1.107152,0.408422,1.515574
2021-07-10,4.450449,3.853714,8.304162999999999
2021-07-11,4.173961,2.641018,6.814979
2021-07-12,19.49452,21.083723,40.578243
2021-07-13,46.702646,38.537961,85.24060700000001
2021-07-14,65.126373,50.191979,115.318352
2021-07-15,30.401968,30.338845,60.740813
2021-07-16,22.468593,15.821705,38.290298
2021-07-17,14.858173,6.324895,21.183068
2021-07-18,7.984372,6.131332,14.115704
2021-07-19,2.190197,3.22171,5.411906999999999
2021-07-20,2.213137,1.40251,3.615647
2021-07-21,8.574951,7.570447,16.145398
2021-07-22,6.883989,8.040528,14.924517
2021-07-23,17.005604,10.481874,27.487478000000003
2021-07-24,5.845449,4.69361,10.539059
2021-07-25,7.721883,1.542063,9.263946
2021-07-26,17.912823,11.259977,29.1728
2021-07-27,55.566589,40.152595,95.719184
2021-07-28,75.874694,49.23188,125.106574
2021-07-29,30.979504,24.627044,55.606548000000004
2021-07-30,68.877444,42.032323,110.90976699999999
2021-07-31,13.991332,11.691477,25.682809
2021-08-01,10.667106,10.099123,20.766229000000003
2021-08-02,2.542832,1.61842,4.161252
2021-08-03,4.747713,2.720911,7.468624
2021-08-04,3.038337,4.999552,8.037889
2021-08-05,47.465379,40.931162,88.396541
2021-08-06,30.325863,29.052584,59.378446999999994
2021-08-07,71.414119,48.046034,119.46015299999999
2021-08-08,50.7964,36.228729,87.02512899999999
2021-08-09,24.521387,14.504061,39.025448
2021-08-10,6.997823,3.314698,10.312521
2021-08-11,8.147232,3.247515,11.394747
2021-08-12,33.147342,21.491849,54.639191
2021-08-13,28.093614,11.754568,39.848182
2021-08-14,27.502168,17.304779,44.806947
2021-08-15,64.945824,43.698974,108.64479800000001
2021-08-16,39.439609,31.006801,70.44641
2021-08-17,30.773539,23.070501,53.84404
2021-08-18,16.244801,16.323397,32.568197999999995
2021-08-19,7.583178,5.562937,13.146115
2021-08-20,1.197998,0.948449,2.1464469999999998
2021-08-21,22.005249,17.260092,39.265341
2021-08-22,38.741493,35.243799,73.985292
2021-08-23,18.977584,17.869857,36.847441
2021-08-24,18.635999,15.260667,33.896666
2021-08-25,38.729728,35.658362,74.38809
2021-08-26,44.143,32.931539,77.074539
2021-08-27,44.777008,39.7476,84.524608
2021-08-28,36.654905,37.358148,74.013053
2021-08-29,33.466322,30.903261,64.369583
2021-08-30,22.399252,24.793519,47.192771
2021-08-31,4.652945,8.503729,13.156673999999999
2021-09-01,2.972436,5.386469,8.358905
2021-09-02,10.759301,9.997117,20.756418
2021-09-03,16.053558,7.362898,23.416456
2021-09-04,7.683178,3.689932,11.37311
2021-09-05,0.117065,0.141036,0.258101
2021-09-06,1.129814,2.693201,3.8230150000000003
2021-09-07,8.150439,8.144712,16.295151
2021-09-08,7.533325,7.19581,14.729135
2021-09-09,6.770343,6.735311,13.505654
2021-09-10,28.339695,22.570294,50.909988999999996
2021-09-11,13.0484,10.175122,23.223522000000003
2021-09-12,2.161658,3.175787,5.337445000000001
2021-09-13,11.349718,7.95297,19.302688
2021-09-14,17.639296,13.476165,31.115461000000003
2021-09-15,24.281597,18.207661,42.48925800000001
2021-09-16,2.198211,1.878505,4.076716
2021-09-17,3.186327,3.392445,6.578772
2021-09-18,21.962086,11.648859,33.610945
2021-09-19,14.671951,7.024414,21.696365
2021-09-20,8.683841,3.632828,12.316669
2021-09-21,13.925949,6.035928,19.961877
2021-09-22,51.723018,33.784424,85.507442
2021-09-23,39.935417,23.354379,63.289796
2021-09-24,8.476979,5.411151,13.88813
2021-09-25,5.507051,5.27187,10.778921
2021-09-26,39.060115,33.482347,72.542462
2021-09-27,21.281805,23.96364,45.245445000000004
2021-09-28,51.084503,43.704984,94.78948700000001
2021-09-29,61.710218,44.123907,105.834125
2021-09-30,74.630855,48.101852,122.732707
2021-10-01,39.23209,30.406667,69.638757
2021-10-02,47.178157,29.185964,76.364121
2021-10-03,61.3506,42.358165,103.708765
2021-10-04,56.77468,47.515224,104.289904
2021-10-05,50.595523,40.202589,90.798112
2021-10-06,2.182555,3.770815,5.95337
2021-10-07,2.387468,1.302208,3.6896760000000004
2021-10-08,6.028654,3.617431,9.646085
2021-10-09,2.721447,5.751279,8.472726
2021-10-10,18.639706,24.57234,43.212046
2021-10-11,28.332562,33.71117,62.043732000000006
2021-10-12,14.073489,16.139955,30.213444000000003
2021-10-13,38.552432,24.500911,63.053343
2021-10-14,40.65973,29.361136,70.020866
2021-10-15,9.581912,6.480402,16.062314
2021-10-16,22.69325,16.335281,39.028531
2021-10-17,20.464146,23.755808,44.219954
2021-10-18,54.213198,35.44702,89.660218
2021-10-19,87.406181,46.009669,133.41585
2021-10-20,72.218414,46.543064,118.761478
2021-10-21,67.700297,46.457418,114.157715
2021-10-22,9.554053,11.546069,21.100122
2021-10-23,18.319595,24.497685,42.81728
2021-10-24,27.039954,26.727396,53.76735
2021-10-25,45.409478,27.286098,72.695576
2021-10-26,64.25671,37.907271,102.163981
2021-10-27,33.226521,34.189305,67.415826
2021-10-28,64.145926,47.076724,111.22265
2021-10-29,43.352878,33.89838,77.251258
2021-10-30,49.037482,38.695949,87.733431
2021-10-31,76.735117,47.64522,124.380337
2021-11-01,11.844336,12.58325,24.427585999999998
2021-11-02,0.885879,1.042221,1.9281000000000001
2021-11-03,5.543133,15.168368,20.711501
2021-11-04,13.695759,19.444769,33.140528
2021-11-05,69.595875,35.403405,104.99928
2021-11-06,69.331843,47.532177,116.86402000000001
2021-11-07,11.59028,11.402841,22.993121000000002
2021-11-08,30.109501,23.570243,53.679744
2021-11-09,12.073744,9.688676,21.76242
2021-11-10,6.584708,3.752949,10.337657
2021-11-11,38.159725,34.722628,72.882353
2021-11-12,17.310187,13.68865,30.998837
2021-11-13,12.191847,6.884767,19.076614
2021-11-14,8.463781,2.782891,11.246672
2021-11-15,3.130562,4.02814,7.158702
2021-11-16,32.724029,26.758286,59.482315
2021-11-17,47.524418,26.297209,73.82162699999999
2021-11-18,36.507913,20.541038,57.048951
2021-11-19,31.053831,14.459748,45.513579
2021-11-20,26.763873,33.110073,59.873946000000004
2021-11-21,7.195394,14.398124,21.593518
2021-11-22,4.382954,9.258412,13.641366
2021-11-23,8.033879,5.826196,13.860075000000002
2021-11-24,13.810322,20.181971,33.992293000000004
2021-11-25,51.146693,34.098022,85.244715
2021-11-26,15.089497,8.216786,23.306283
2021-11-27,11.127323,19.942817,31.070140000000002
2021-11-28,24.2388,31.780272,56.019072
2021-11-29,69.454298,46.427337,115.88163499999999
2021-11-30,95.527044,49.126839,144.653883
2021-12-01,23.353772,31.136773,54.490545
2021-12-02,69.445423,33.618322,103.06374500000001
2021-12-03,22.698392,23.358301,46.056692999999996
2021-12-04,15.545554,9.730294,25.275848
2021-12-05,34.619595,27.690866,62.310461
2021-12-06,52.045183,39.471962,91.517145
2021-12-07,72.910882,48.324621,121.235503
2021-12-08,37.21328,29.556154,66.76943399999999
2021-12-09,24.588052,20.29406,44.882112000000006
2021-12-10,12.68444,14.961813,27.646253
2021-12-11,48.513121,31.520022,80.033143
2021-12-12,30.17675,20.50168,50.67843
2021-12-13,27.527269,16.448477,43.975746
2021-12-14,27.375822,15.885985,43.261807
2021-12-15,1.998356,3.593,5.591356
2021-12-16,1.655656,2.537596,4.193252
2021-12-17,4.269901,4.917083,9.186983999999999
2021-12-18,20.741087,18.255626,38.996713
2021-12-19,0.983708,2.501213,3.484921
2021-12-20,1.017005,1.846935,2.86394
2021-12-21,5.312985,11.52278,16.835765
2021-12-22,43.170916,30.530614,73.70152999999999
2021-12-23,43.753112,22.793025,66.546137
2021-12-24,71.069776,32.619139,103.68891500000001
2021-12-25,38.972814,27.298667,66.271481
2021-12-26,18.293662,21.711518,40.00518
2021-12-27,45.683781,41.727663,87.411444
2021-12-28,36.296206,28.302161,64.598367
2021-12-29,89.896344,49.738848,139.635192
2021-12-30,94.014659,47.42788,141.442539
2021-12-31,52.192853,37.27008,89.46293299999999
2022-01-01,88.05141,42.681008,130.732418
2022-01-02,94.102129,44.680636,138.782765
2022-01-03,31.920229,24.65994,56.580169
2022-01-04,83.02887,49.829507,132.858377
2022-01-05,29.947848,23.651834,53.599682
2022-01-06,71.947988,38.915361,110.863349
2022-01-07,61.719687,36.256464,97.976151
2022-01-08,47.247526,33.661674,80.9092
2022-01-09,2.644628,5.832822,8.477450000000001
2022-01-10,20.465597,22.155879,42.621476
2022-01-11,6.389985,3.02065,9.410635
2022-01-12,24.642309,8.349863,32.992172
2022-01-13,7.642805,5.435978,13.078783000000001
2022-01-14,10.464711,5.78759,16.252301
2022-01-15,34.868101,21.115374,55.983475
2022-01-16,42.823685,23.508811,66.33249599999999
2022-01-17,8.089061,4.510082,12.599142999999998
2022-01-18,40.813157,26.234394,67.047551
2022-01-19,67.34826,46.112983,113.461243
2022-01-20,31.68967,27.097726,58.787396
2022-01-21,14.075891,11.618798,25.694689
2022-01-22,0.717323,1.012462,1.7297850000000001
2022-01-23,0.501199,0.494203,0.9954019999999999
2022-01-24,1.636161,0.785839,2.4219999999999997
2022-01-25,35.88315,17.180344,53.063494000000006
2022-01-26,91.364751,44.48115,135.845901
2022-01-27,40.174043,21.361643,61.535686
2022-01-28,103.868683,50.305051,154.173734
2022-01-29,55.618008,25.622441,81.240449
2022-01-30,93.483602,50.365959,143.849561
2022-01-31,85.847962,44.110309,129.958271
2022-02-01,50.395149,24.258026,74.653175
2022-02-02,56.118228,27.931629,84.049857
2022-02-03,88.225528,47.94101,136.166538
2022-02-04,91.897474,49.40986,141.307334
2022-02-05,110.385569,51.88594,162.271509
2022-02-06,82.375382,40.638649,123.014031
2022-02-07,89.159952,45.659226,134.819178
2022-02-08,61.468077,31.158955,92.627032
2022-02-09,22.905619,15.773248,38.678867000000004
2022-02-10,57.407651,28.817996,86.22564700000001
2022-02-11,50.94502,35.691824,86.636844
2022-02-12,90.351473,50.364632,140.716105
2022-02-13,102.804446,48.062347,150.866793
2022-02-14,75.759172,35.642369,111.40154100000001
2022-02-15,93.370661,49.077543,142.448204
2022-02-16,95.488002,50.282172,145.770174
2022-02-17,46.905887,36.057134,82.963021
2022-02-18,102.355791,49.868147,152.223938
2022-02-19,90.940388,45.626125,136.566513
2022-02-20,104.884894,51.257786,156.14268
2022-02-21,75.086312,38.096083,113.18239500000001
2022-02-22,65.996476,31.795872,97.792348
2022-02-23,92.803608,48.064741,140.868349
2022-02-24,74.863788,41.113002,115.97679
2022-02-25,6.116432,6.90983,13.026262
2022-02-26,36.17615,33.786507,69.96265700000001
2022-02-27,27.178071,24.621244,51.799315
2022-02-28,3.369302,4.579628,7.948929999999999
2022-03-01,15.386434,6.540657,21.927091
2022-03-02,23.873904,12.59956,36.473464
2022-03-03,25.10342,14.958463,40.061883
2022-03-04,19.490334,13.729918,33.220252
2022-03-05,35.48478,22.622811,58.107591
2022-03-06,15.991659,11.472567,27.464226
2022-03-07,40.65163,33.201977,73.853607
2022-03-08,16.177226,18.078664,34.25589
2022-03-09,18.328597,19.328764,37.657360999999995
2022-03-10,72.567195,43.603819,116.171014
2022-03-11,45.129796,34.567574,79.69737
2022-03-12,39.0275,39.854149,78.88164900000001
2022-03-13,25.026958,10.647929,35.674887
2022-03-14,2.115118,4.354869,6.469987
2022-03-15,37.536313,26.321597,63.857910000000004
2022-03-16,53.038162,25.022257,78.060419
2022-03-17,14.604372,7.62957,22.233942
2022-03-18,66.738133,32.967094,99.70522700000001
2022-03-19,55.243288,21.431835,76.675123
2022-03-20,3.698834,5.765072,9.463906
2022-03-21,1.945139,3.204247,5.149386
2022-03-22,2.749084,1.377736,4.12682
2022-03-23,2.881673,1.121579,4.003252
2022-03-24,7.342608,4.859567,12.202175
2022-03-25,15.304591,8.206749,23.51134
2022-03-26,13.92925,6.317447,20.246696999999998
2022-03-27,4.844342,1.265171,6.109513
2022-03-28,10.153156,2.762517,12.915672999999998
2022-03-29,22.273489,8.575977,30.849466
2022-03-30,62.171366,39.110266,101.281632
2022-03-31,103.535011,51.733393,155.268404
2022-04-01,50.243343,31.194779,81.438122
2022-04-02,16.656319,8.611048,25.267367
2022-04-03,94.71424,47.896094,142.610334
2022-04-04,57.173401,37.092299,94.2657
2022-04-05,103.679988,49.789263,153.46925099999999
2022-04-06,113.515342,52.244062,165.75940400000002
2022-04-07,62.763204,31.517372,94.280576
2022-04-08,71.221674,39.58075,110.802424
2022-04-09,21.596708,11.609891,33.206599
2022-04-10,23.954316,17.661992,41.616308000000004
2022-04-11,30.423477,22.137056,52.560533
2022-04-12,9.460369,7.676355,17.136724
2022-04-13,11.500718,3.806336,15.307054
2022-04-14,8.635277,3.844858,12.480135
2022-04-15,25.560111,8.542571,34.102682
2022-04-16,17.316277,11.956338,29.272615000000002
2022-04-17,10.567189,11.422801,21.98999
2022-04-18,28.18108,11.706026,39.887106
2022-04-19,42.759348,15.814847,58.574195
2022-04-20,49.539195,18.198242,67.737437
2022-04-21,71.368133,29.378432,100.746565
2022-04-22,85.037447,37.775978,122.813425
2022-04-23,80.607399,38.486434,119.093833
2022-04-24,37.903021,26.076618,63.979639000000006
2022-04-25,40.245148,25.063445,65.308593
2022-04-26,5.726552,5.296103,11.022655
2022-04-27,17.402979,10.425708,27.828687
2022-04-28,29.889451,18.032254,47.921705
2022-04-29,10.818383,10.241412,21.059795
2022-04-30,2.332692,0.61037,2.9430620000000003
2022-05-01,10.179194,4.976275,15.155469
2022-05-02,14.941873,9.808413,24.750286
2022-05-03,1.530691,0.626143,2.156834
2022-05-04,3.157889,2.064877,5.222766
2022-05-05,8.744886,3.682387,12.427273
2022-05-06,21.666044,10.604866,32.27091
2022-05-07,24.672492,17.85648,42.528971999999996
2022-05-08,3.114401,2.0551,5.169501
2022-05-09,51.407934,30.58005,81.987984
2022-05-10,69.834391,36.162476,105.996867
2022-05-11,48.377126,21.843251,70.220377
2022-05-12,71.175824,37.775969,108.95179300000001
2022-05-13,11.651709,6.083997,17.735706
2022-05-14,24.805277,12.154765,36.960042
2022-05-15,43.089866,25.642501,68.732367
2022-05-16,8.90672,5.729808,14.636528
2022-05-17,9.340508,8.311919,17.652427
2022-05-18,18.488233,9.802059,28.290292
2022-05-19,21.786275,11.513299,33.299574
2022-05-20,55.376747,27.283621,82.660368
2022-05-21,3.902694,2.736332,6.639025999999999
2022-05-22,20.383396,14.097671,34.481067
2022-05-23,62.017935,29.880869,91.898804
2022-05-24,67.459878,35.441931,102.901809
2022-05-25,78.0358,41.048685,119.084485
2022-05-26,78.997677,35.89948,114.89715699999999
2022-05-27,65.979961,33.251487,99.231448
2022-05-28,34.714684,27.10022,61.814904
2022-05-29,2.223429,2.082544,4.305973
2022-05-30,3.734522,3.144933,6.879455
2022-05-31,19.255305,9.201617,28.456922
2022-06-01,7.126948,7.627687,14.754635
2022-06-02,44.461683,16.246437,60.70812
2022-06-03,65.019875,29.909575,94.92945
2022-06-04,41.538593,20.809414,62.348006999999996
2022-06-05,80.270078,38.34019,118.61026799999999
2022-06-06,52.660757,20.821513,73.48227
2022-06-07,23.143681,18.486049,41.62973
2022-06-08,33.945173,18.150576,52.095749
2022-06-09,36.800744,22.242192,59.042936
2022-06-10,37.769355,25.529138,63.29849299999999
2022-06-11,28.500739,15.682926,44.183665
2022-06-12,38.036949,16.144413,54.181362
2022-06-13,4.15968,3.493131,7.652811
2022-06-14,11.642401,5.68749,17.329891
2022-06-15,2.913407,0.999874,3.913281
2022-06-16,22.046415,16.264005,38.31042
2022-06-17,25.954013,18.886611,44.840624
2022-06-18,37.727515,22.666303,60.393817999999996
2022-06-19,36.522148,19.296076,55.818224
2022-06-20,3.435266,1.507135,4.942401
2022-06-21,13.887245,6.71139,20.598635
2022-06-22,13.854917,7.730417,21.585334
2022-06-23,9.084767,5.494761,14.579528
2022-06-24,14.354742,8.361021,22.715763
2022-06-25,10.80151,5.09934,15.90085
2022-06-26,5.128434,5.720888,10.849322
2022-06-27,10.810836,7.344287,18.155123
2022-06-28,13.963351,7.742798,21.706149
2022-06-29,20.995281,9.770788,30.766068999999998
2022-06-30,45.74185,23.380555,69.122405
2022-07-01,23.543925,14.667154,38.211079
2022-07-02,17.983506,10.422732,28.406238
2022-07-03,26.163387,8.315301,34.478688
2022-07-04,28.087615,9.571826,37.659441
2022-07-05,26.744772,15.663575,42.408347
2022-07-06,75.797442,41.644538,117.44198
2022-07-07,17.951718,6.80866,24.760378
2022-07-08,39.435063,23.426218,62.861281
2022-07-09,28.04633,15.06222,43.10855
2022-07-10,4.706297,3.584516,8.290813
2022-07-11,5.937876,7.073026,13.010902
2022-07-12,23.419218,11.124769,34.543987
2022-07-13,19.008528,9.515049,28.523576999999996
2022-07-14,18.196622,11.712488,29.909110000000002
2022-07-15,29.901725,14.860004,44.761729
2022-07-16,1.246424,1.375874,2.622298
2022-07-17,2.453655,6.443444,8.897099
2022-07-18,8.558622,10.380578,18.9392
2022-07-19,35.804893,28.070257,63.875150000000005
2022-07-20,25.560758,20.191546,45.752303999999995
2022-07-21,6.023155,7.511048,13.534203
2022-07-22,1.62921,1.552095,3.181305
2022-07-23,30.310468,20.53389,50.844358
2022-07-24,54.440289,30.700897,85.141186
2022-07-25,34.35905,24.804653,59.163703
2022-07-26,17.176439,10.65115,27.827588999999996
2022-07-27,28.337144,10.217481,38.554625
2022-07-28,19.115466,10.819534,29.935000000000002
2022-07-29,6.661177,2.431448,9.092625
2022-07-30,35.976032,24.379875,60.355906999999995
2022-07-31,10.253127,7.531188,17.784315
2022-08-01,42.836684,28.074596,70.91128
2022-08-02,28.870914,16.967819,45.838733
2022-08-03,12.959491,6.893527,19.853018
2022-08-04,31.500018,13.534875,45.034893
2022-08-05,7.274972,3.764291,11.039263
2022-08-06,6.140744,2.325883,8.466626999999999
2022-08-07,10.09928,5.923857,16.023137
2022-08-08,20.413633,10.50758,30.921213
2022-08-09,19.325891,9.427049,28.75294
2022-08-10,17.115524,7.734624,24.850148
2022-08-11,16.56107,11.268801,27.829871
2022-08-12,11.373356,11.722655,23.096010999999997
2022-08-13,11.29886,11.401057,22.699917
2022-08-14,9.709882,4.658885,14.368767
2022-08-15,12.937489,5.494655,18.432144
2022-08-16,16.185871,8.177838,24.363709
2022-08-17,5.500881,4.901627,10.402508000000001
2022-08-18,11.006143,9.318105,20.324247999999997
2022-08-19,12.252815,9.833579,22.086394
2022-08-20,18.417386,14.235913,32.653299000000004
2022-08-21,6.190064,5.541574,11.731638
2022-08-22,4.011219,2.648669,6.659888
2022-08-23,4.650609,3.429146,8.079755
2022-08-24,19.231171,16.843636,36.074807
2022-08-25,39.207454,27.642469,66.84992299999999
2022-08-26,22.393136,17.773318,40.166454
2022-08-27,31.975564,24.546176,56.521739999999994
2022-08-28,12.620926,10.424362,23.045288
2022-08-29,41.006988,24.610956,65.617944
2022-08-30,59.913812,34.787186,94.700998
2022-08-31,35.928823,21.50765,57.43647300000001
2022-09-01,34.53948,19.612874,54.152354
2022-09-02,32.167158,18.714703,50.881861
2022-09-03,8.689797,12.715065,21.404862
2022-09-04,10.257603,15.790828,26.048431
2022-09-05,12.2417,10.299383,22.541083
2022-09-06,12.063905,9.143885,21.20779
2022-09-07,16.530299,13.787931,30.31823
2022-09-08,40.012377,30.138707,70.151084
2022-09-09,15.989602,12.557086,28.546688
2022-09-10,0.114728,0.71605,0.830778
2022-09-11,12.96812,11.071808,24.039928000000003
2022-09-12,10.596896,11.757705,22.354601
2022-09-13,3.383607,5.623559,9.007166
2022-09-14,36.993813,32.642147,69.63596000000001
2022-09-15,57.343415,46.910185,104.2536
2022-09-16,69.620049,52.696337,122.316386
2022-09-17,52.463573,53.00301,105.466583
2022-09-18,43.751599,34.651399,78.402998
2022-09-19,9.21157,13.257139,22.468709
2022-09-20,0.011129,0.136194,0.147323
2022-09-21,3.091914,5.078908,8.170822000000001
2022-09-22,6.439896,11.312527,17.752423
2022-09-23,30.756271,34.655452,65.411723
2022-09-24,5.839755,8.670986,14.510741
2022-09-25,68.731553,44.748823,113.480376
2022-09-26,28.307644,35.066635,63.374279
2022-09-27,4.437222,4.713717,9.150939000000001
2022-09-28,0.605,1.215744,1.820744
2022-09-29,39.887869,24.439909,64.327778
2022-09-30,82.537368,46.632194,129.16956199999998
2022-10-01,37.998445,32.952084,70.95052899999999
2022-10-02,3.183808,6.253264,9.437072
2022-10-03,37.478564,32.629248,70.107812
2022-10-04,98.263252,51.64748,149.910732
2022-10-05,63.93411,42.538147,106.472257
2022-10-06,61.901884,41.319764,103.221648
2022-10-07,43.669693,27.563425,71.233118
2022-10-08,13.607446,16.365446,29.972891999999998
2022-10-09,29.314503,31.657589,60.972092
2022-10-10,4.497121,6.702388,11.199508999999999
2022-10-11,5.201239,12.30706,17.508299
2022-10-12,9.868725,12.975968,22.844693
2022-10-13,8.849346,9.145985,17.995331
2022-10-14,38.439183,28.44245,66.881633
2022-10-15,56.402619,29.680671,86.08329
2022-10-16,30.966496,26.039873,57.006369
2022-10-17,10.192753,7.624213,17.816966
2022-10-18,33.6176,20.251234,53.86883400000001
2022-10-19,37.731432,33.462333,71.193765
2022-10-20,14.364398,18.682468,33.046866
2022-10-21,30.955695,28.727518,59.683212999999995
2022-10-22,26.369023,26.843603,53.212626
2022-10-23,89.825636,49.029548,138.855184
2022-10-24,41.041525,24.74407,65.785595
2022-10-25,32.5026,30.168234,62.670834
2022-10-26,23.887907,33.234519,57.122426
2022-10-27,25.623782,25.833375,51.457156999999995
2022-10-28,6.106421,10.358457,16.464878
2022-10-29,6.877853,13.98336,20.861213
2022-10-30,15.949968,19.838782,35.78875
2022-10-31,106.530303,56.46056,162.990863
2022-11-01,100.283015,53.941392,154.224407
2022-11-02,82.741255,51.870793,134.612048
2022-11-03,18.793214,23.216937,42.010151
2022-11-04,48.490755,31.827778,80.318533
2022-11-05,106.382297,55.918873,162.30116999999998
2022-11-06,104.837182,54.897757,159.734939
2022-11-07,89.954676,54.919879,144.87455500000002
2022-11-08,86.712672,48.089346,134.802018
2022-11-09,76.164461,42.347495,118.511956
2022-11-10,62.25781,39.514545,101.772355
2022-11-11,1.763726,4.510162,6.273888
2022-11-12,8.257903,6.914248,15.172151
2022-11-13,27.744125,20.353632,48.097757
2022-11-14,45.119671,45.202004,90.321675
2022-11-15,46.531609,47.365364,93.896973
2022-11-16,109.947524,58.425553,168.373077
2022-11-17,53.216953,42.260656,95.477609
2022-11-18,53.825037,20.692536,74.517573
2022-11-19,14.627845,25.033895,39.66174
2022-11-20,28.722117,35.02229,63.744406999999995
2022-11-21,65.229679,51.947537,117.177216
2022-11-22,67.928621,52.740997,120.66961800000001
2022-11-23,59.237813,52.381526,111.619339
2022-11-24,38.946555,40.270133,79.216688
2022-11-25,25.139616,38.15506,63.294675999999995
2022-11-26,55.101592,50.078991,105.180583
2022-11-27,16.181277,9.396125,25.577402
2022-11-28,2.578494,4.805602,7.384096
2022-11-29,1.359418,2.609696,3.9691140000000003
2022-11-30,3.830504,6.657384,10.487888
2022-12-01,55.854542,38.656379,94.510921
2022-12-02,63.079376,46.04008,109.11945600000001
2022-12-03,60.943055,37.579312,98.522367
2022-12-04,32.989116,42.567138,75.556254
2022-12-05,6.985359,27.043393,34.028752
2022-12-06,16.040314,44.567344,60.607658
2022-12-07,13.328867,28.567423,41.89629
2022-12-08,5.955643,9.296213,15.251856
2022-12-09,13.844617,7.33712,21.181737
2022-12-10,10.343829,12.956766,23.300595
2022-12-11,3.105865,10.366532,13.472396999999999
2022-12-12,4.335173,12.071297,16.40647
2022-12-13,2.347694,6.672003,9.019697
2022-12-14,17.062171,25.222433,42.284604
2022-12-15,5.871698,16.663932,22.535629999999998
2022-12-16,34.999917,45.63068,80.630597
2022-12-17,33.913449,50.874826,84.788275
2022-12-18,105.955463,60.019659,165.975122
2022-12-19,78.199047,41.764759,119.96380599999999
2022-12-20,37.92189,35.260189,73.18207899999999
2022-12-21,22.692356,20.547928,43.240284
2022-12-22,22.296396,17.101807,39.398203
2022-12-23,47.379004,35.327827,82.706831
2022-12-24,15.025693,32.110782,47.136475000000004
2022-12-25,69.509614,53.973249,123.48286300000001
2022-12-26,74.460221,52.278962,126.739183
2022-12-27,127.42278,59.942178,187.364958
2022-12-28,125.079291,59.91992,184.999211
2022-12-29,107.650223,58.590872,166.241095
2022-12-30,110.400657,57.304689,167.705346
2022-12-31,91.288016,49.680925,140.968941
2023-01-01,41.10721,23.635206,64.742416
2023-01-02,53.094888,40.726764,93.821652
2023-01-03,132.159966,60.762805,192.922771
2023-01-04,75.453161,46.123123,121.57628399999999
2023-01-05,79.448258,50.176528,129.624786
2023-01-06,100.936128,60.365886,161.30201399999999
2023-01-07,80.225569,60.239966,140.465535
2023-01-08,58.375905,52.861398,111.237303
2023-01-09,83.950412,53.935267,137.885679
2023-01-10,110.107204,57.746471,167.853675
2023-01-11,129.576082,60.447304,190.02338600000002
2023-01-12,127.569413,61.232536,188.801949
2023-01-13,104.87347,58.766905,163.640375
2023-01-14,112.13029,58.721278,170.851568
2023-01-15,52.717421,45.334251,98.051672
2023-01-16,40.806806,27.722916,68.529722
2023-01-17,66.393757,49.853529,116.247286
2023-01-18,47.739146,39.097053,86.836199
2023-01-19,32.159224,40.197993,72.35721699999999
2023-01-20,4.46305,6.744982,11.208032
2023-01-21,19.250047,17.951807,37.201854
2023-01-22,6.500309,4.687813,11.188122
2023-01-23,10.369627,2.605417,12.975044
2023-01-24,17.136459,9.300922,26.437381
2023-01-25,32.426316,51.83421,84.260526
2023-01-26,38.805746,33.367619,72.17336499999999
2023-01-27,3.030562,2.170475,5.201037
2023-01-28,68.423944,39.255623,107.679567
2023-01-29,108.211929,58.053453,166.265382
2023-01-30,89.666796,55.146208,144.813004
2023-01-31,121.616399,62.366368,183.982767
2023-02-01,76.656364,50.227334,126.883698
2023-02-02,103.683152,50.124839,153.80799100000002
2023-02-03,3.027834,4.833691,7.861525
2023-02-04,67.042473,35.713523,102.75599600000001
2023-02-05,1.491797,2.329126,3.820923
2023-02-06,1.809582,3.348738,5.15832
2023-02-07,6.831819,11.613274,18.445093
2023-02-08,25.018006,23.434133,48.452139
2023-02-09,47.013152,34.436863,81.45001500000001
2023-02-10,36.352977,22.956786,59.309763000000004
2023-02-11,0.75371,1.316072,2.069782
2023-02-12,2.104995,2.432027,4.537022
2023-02-13,1.052274,3.405942,4.458216
2023-02-14,10.707248,22.162823,32.870070999999996
2023-02-15,51.965488,43.914613,95.880101
2023-02-16,108.022962,58.368924,166.391886
2023-02-17,91.857571,53.553762,145.41133299999998
2023-02-18,41.095143,31.856056,72.951199
2023-02-19,113.854973,61.433711,175.288684
2023-02-20,31.622891,15.965882,47.588773
2023-02-21,8.531495,7.440408,15.971903
2023-02-22,14.990907,14.348606,29.339513
2023-02-23,70.82023,47.419093,118.23932299999998
2023-02-24,70.823165,52.992363,123.815528
2023-02-25,50.303546,46.2532,96.556746
2023-02-26,23.048377,30.189066,53.237443
2023-02-27,8.873811,12.566198,21.440009
2023-02-28,20.744097,16.414942,37.159039
2023-03-01,40.422566,41.419199,81.84176500000001
2023-03-02,17.472634,25.44594,42.918574
2023-03-03,37.805234,24.787559,62.592793
2023-03-04,16.259818,16.137925,32.397743
2023-03-05,43.646644,31.660176,75.30682
2023-03-06,44.692281,29.75346,74.445741
2023-03-07,24.315259,30.548666,54.863925
2023-03-08,26.903592,31.878087,58.781679
2023-03-09,86.634902,52.099353,138.734255
2023-03-10,17.870794,13.893117,31.763911
2023-03-11,65.846208,53.557004,119.403212
2023-03-12,109.320622,64.431468,173.75209
2023-03-13,102.872783,53.775817,156.6486
2023-03-14,23.204091,19.059276,42.263367
2023-03-15,74.802184,58.913124,133.715308
2023-03-16,21.711861,28.238686,49.950547
2023-03-17,17.829824,21.862358,39.692182
2023-03-18,19.001849,15.583392,34.585240999999996
2023-03-19,53.418715,42.691039,96.10975400000001
2023-03-20,61.165576,50.756748,111.922324
2023-03-21,107.735887,59.66953,167.405417
2023-03-22,108.407381,62.062776,170.470157
2023-03-23,122.564467,64.751985,187.316452
2023-03-24,119.154561,54.258461,173.413022
2023-03-25,47.595425,31.001295,78.59672
2023-03-26,63.49499,43.781491,107.276481
2023-03-27,38.406253,40.327698,78.73395099999999
2023-03-28,43.727029,48.495504,92.222533
2023-03-29,105.258312,64.215684,169.473996
2023-03-30,72.840802,55.551919,128.392721
2023-03-31,72.551287,44.072941,116.624228
2023-04-01,92.560182,63.041136,155.601318
2023-04-02,47.317016,32.584889,79.901905
2023-04-03,6.811099,7.20131,14.012409
2023-04-04,1.580579,1.458128,3.038707
2023-04-05,43.720252,32.760791,76.481043
2023-04-06,19.08638,25.430188,44.516568
2023-04-07,8.846981,6.003539,14.85052
2023-04-08,6.892421,6.964638,13.857059
2023-04-09,75.941356,59.995457,135.936813
2023-04-10,95.934363,59.285176,155.219539
2023-04-11,77.329633,57.061453,134.391086
2023-04-12,97.221614,61.413628,158.635242
2023-04-13,21.763006,23.235708,44.998714
2023-04-14,63.835387,22.89364,86.729027
2023-04-15,38.106365,16.976079,55.082443999999995
2023-04-16,27.566524,15.970736,43.53726
2023-04-17,80.350015,48.743657,129.093672
2023-04-18,94.66676,55.988491,150.655251
2023-04-19,81.546311,55.186377,136.732688
2023-04-20,48.806914,32.151422,80.958336
2023-04-21,7.770254,11.425934,19.196188
2023-04-22,33.896272,26.023817,59.920089000000004
2023-04-23,85.852609,47.539097,133.391706
2023-04-24,53.423659,34.441149,87.86480800000001
2023-04-25,13.3274,7.230781,20.558181
2023-04-26,13.322564,17.52163,30.844193999999998
2023-04-27,43.155017,36.130393,79.28541
2023-04-28,25.987146,10.246634,36.233779999999996
2023-04-29,7.034586,5.4134,12.447986
2023-04-30,12.78209,5.30252,18.08461
2023-05-01,39.5217,15.26211,54.78381
2023-05-02,22.592363,23.850274,46.442637
2023-05-03,52.654244,44.744179,97.39842300000001
2023-05-04,10.477908,16.587186,27.065094
2023-05-05,4.33249,6.655582,10.988071999999999
2023-05-06,16.803067,11.7809,28.583967
2023-05-07,7.102322,13.755471,20.857793
2023-05-08,20.248624,23.272954,43.521578
2023-05-09,11.738658,4.722119,16.460777
2023-05-10,11.028158,3.827998,14.856155999999999
2023-05-11,42.92436,41.246852,84.171212
2023-05-12,41.724834,35.868952,77.593786
2023-05-13,19.384999,13.338965,32.723964
2023-05-14,36.683993,32.440736,69.124729
2023-05-15,55.744993,27.261886,83.006879
2023-05-16,31.871214,11.583765,43.454978999999994
2023-05-17,18.604717,8.461511,27.066228000000002
2023-05-18,33.854609,23.21019,57.06479900000001
2023-05-19,65.995427,48.248966,114.244393
2023-05-20,40.189649,30.293916,70.483565
2023-05-21,37.017315,30.208835,67.22615
2023-05-22,92.861362,43.432247,136.293609
2023-05-23,20.932379,7.219739,28.152118
2023-05-24,40.371155,30.190935,70.56209
2023-05-25,61.161131,49.848876,111.010007
2023-05-26,20.819162,27.042136,47.861298
2023-05-27,53.42229,36.866176,90.288466
2023-05-28,76.096968,58.659558,134.756526
2023-05-29,45.128201,43.902664,89.030865
2023-05-30,49.179731,42.286712,91.466443
2023-05-31,56.006514,42.152941,98.15945500000001
2023-06-01,45.241379,36.658704,81.900083
2023-06-02,44.385263,29.629353,74.014616
2023-06-03,40.289884,36.31369,76.60357400000001
2023-06-04,38.117301,30.77938,68.896681
2023-06-05,45.359347,38.482587,83.84193400000001
2023-06-06,35.121407,39.268983,74.39039
2023-06-07,54.307591,49.147576,103.455167
2023-06-08,55.631153,49.559059,105.190212
2023-06-09,42.773409,52.540614,95.31402299999999
2023-06-10,24.927271,39.259472,64.186743
2023-06-11,30.405306,31.697127,62.102433
2023-06-12,49.717381,46.450193,96.167574
2023-06-13,53.807763,37.348695,91.156458
2023-06-14,18.921616,18.074158,36.995774
2023-06-15,19.178322,9.620718,28.79904
2023-06-16,4.182464,8.428727,12.611191000000002
2023-06-17,11.853578,21.378132,33.23171
2023-06-18,54.716313,31.178848,85.895161
2023-06-19,20.637593,26.43073,47.068323
2023-06-20,27.521307,22.874413,50.39572
2023-06-21,20.897138,10.603239,31.500377
2023-06-22,17.470668,8.254885,25.725552999999998
2023-06-23,8.539991,8.303972,16.843963000000002
2023-06-24,7.641816,5.921438,13.563254
2023-06-25,68.77399,32.756319,101.53030899999999
2023-06-26,34.97386,8.505122,43.478982
2023-06-27,13.909032,14.472553,28.381585
2023-06-28,32.212353,23.594007,55.80636
2023-06-29,38.083502,33.650024,71.73352600000001
2023-06-30,82.657901,43.534963,126.19286399999999
2023-07-01,88.920149,55.403947,144.324096
2023-07-02,95.562157,59.290759,154.852916
2023-07-03,62.31409,39.078675,101.392765
2023-07-04,96.339092,54.324752,150.66384399999998
2023-07-05,26.531499,17.274257,43.805756
2023-07-06,15.10777,24.599507,39.707277
2023-07-07,24.813941,25.10953,49.923471
2023-07-08,13.972599,10.516045,24.488644
2023-07-09,21.685729,14.730482,36.416211
2023-07-10,44.620106,52.767031,97.387137
2023-07-11,73.887709,52.562674,126.450383
2023-07-12,56.253294,39.965701,96.218995
2023-07-13,23.747165,31.89732,55.644485
2023-07-14,73.167688,58.822999,131.990687
2023-07-15,104.852721,70.381913,175.234634
2023-07-16,75.922737,59.257031,135.179768
2023-07-17,9.066421,5.570583,14.637004000000001
2023-07-18,19.356455,4.851928,24.208383
2023-07-19,4.485285,4.09302,8.578305
2023-07-20,23.695999,7.280008,30.976007
2023-07-21,37.81961,44.077259,81.896869
2023-07-22,90.129156,70.277426,160.40658200000001
2023-07-23,52.782978,38.353013,91.13599099999999
2023-07-24,36.481119,19.122932,55.604051
2023-07-25,33.632615,25.04963,58.682245
2023-07-26,49.079817,56.365521,105.44533799999999
2023-07-27,32.724284,30.137099,62.861383
2023-07-28,53.049432,54.830881,107.880313
2023-07-29,83.189634,63.529342,146.718976
2023-07-30,87.509847,61.319122,148.828969
2023-07-31,81.259677,54.443985,135.703662
2023-08-01,66.597122,62.040673,128.63779499999998
2023-08-02,70.04974,51.643098,121.692838
2023-08-03,26.4588,22.698311,49.157111
2023-08-04,25.018365,33.615914,58.63427899999999
2023-08-05,51.391477,51.778188,103.16966500000001
2023-08-06,95.579381,49.980649,145.56002999999998
2023-08-07,77.550432,45.683529,123.233961
2023-08-08,30.533979,11.569257,42.103235999999995
2023-08-09,4.320294,8.785698,13.105992
2023-08-10,22.531378,34.833027,57.364405000000005
2023-08-11,37.217096,46.636427,83.853523
2023-08-12,45.044061,55.625724,100.66978499999999
2023-08-13,12.769556,26.548247,39.317803
2023-08-14,22.313291,12.25819,34.571481
2023-08-15,16.574514,13.131846,29.70636
2023-08-16,52.770118,54.190785,106.960903
2023-08-17,16.979823,22.118247,39.09807
2023-08-18,30.048161,45.61369,75.661851
2023-08-19,11.241574,9.554975,20.796549
2023-08-20,5.089959,4.6098,9.699759
2023-08-21,16.593716,13.729208,30.322924
2023-08-22,10.302004,3.566361,13.868365
2023-08-23,8.941341,19.746154,28.687495
2023-08-24,6.664682,6.177062,12.841744
2023-08-25,31.957227,32.233522,64.190749
2023-08-26,36.41005,25.417504,61.827554
2023-08-27,10.203339,9.305935,19.509273999999998
2023-08-28,4.250146,6.632855,10.883001
2023-08-29,29.454018,25.328951,54.782969
2023-08-30,32.069251,16.830736,48.899987
2023-08-31,2.466721,5.298472,7.765193
2023-09-01,4.543143,10.454478,14.997620999999999
2023-09-02,1.211097,2.610191,3.821288
2023-09-03,7.014549,11.61517,18.629719
2023-09-04,12.165616,18.904013,31.069629
2023-09-05,5.568556,7.512071,13.080627
2023-09-06,15.055129,19.969554,35.024682999999996
2023-09-07,4.206249,6.036421,10.24267
2023-09-08,1.310977,2.034719,3.3456960000000002
2023-09-09,3.932922,17.603121,21.536043000000003
2023-09-10,17.109396,20.225215,37.334610999999995
2023-09-11,3.365538,4.05239,7.417928
2023-09-12,41.94881,29.540812,71.489622
2023-09-13,2.917355,5.49566,8.413015
2023-09-14,7.13336,15.078128,22.211488
2023-09-15,5.755278,6.676334,12.431612
2023-09-16,14.692676,28.850154,43.54283
2023-09-17,74.826482,59.510859,134.337341
2023-09-18,117.873377,76.787846,194.661223
2023-09-19,111.067911,77.080935,188.148846
2023-09-20,35.334084,25.493615,60.827698999999996
2023-09-21,43.834071,22.759937,66.594008
2023-09-22,31.750728,31.919098,63.669826
2023-09-23,40.708848,65.768376,106.477224
2023-09-24,34.193122,46.232882,80.426004
2023-09-25,6.67369,23.880143,30.553833
2023-09-26,12.233464,26.462553,38.696017
2023-09-27,44.473668,59.20877,103.682438
2023-09-28,47.205699,49.550207,96.75590600000001
2023-09-29,9.725832,12.630482,22.356314
2023-09-30,30.123988,44.006852,74.13084
2023-10-01,7.854728,15.605748,23.460476
2023-10-02,88.061208,70.454571,158.515779
2023-10-03,68.563821,66.469882,135.033703
2023-10-04,52.97438,57.586504,110.56088399999999
2023-10-05,96.355291,77.955382,174.310673
2023-10-06,97.822122,72.692315,170.514437
2023-10-07,12.395022,12.812138,25.207160000000002
2023-10-08,23.531147,22.018142,45.549289
2023-10-09,32.329044,45.524184,77.853228
2023-10-10,89.034356,75.700988,164.735344
2023-10-11,18.435987,18.366932,36.802919
2023-10-12,102.824622,72.274324,175.098946
2023-10-13,84.974896,70.189881,155.16477700000002
2023-10-14,42.814848,57.050005,99.864853
2023-10-15,5.930947,17.170527,23.101474
2023-10-16,33.663399,54.306372,87.96977100000001
2023-10-17,86.28189,78.253413,164.535303
2023-10-18,56.814619,69.909386,126.724005
2023-10-19,104.753041,76.48196,181.235001
2023-10-20,76.437354,76.571919,153.009273
2023-10-21,65.321975,40.591543,105.913518
2023-10-22,17.237735,23.724547,40.962282
2023-10-23,67.060503,55.705546,122.766049
2023-10-24,26.898421,18.713317,45.611738
2023-10-25,7.357827,37.758684,45.116511
2023-10-26,15.728116,24.517364,40.24548
2023-10-27,50.374609,72.157318,122.531927
2023-10-28,125.411195,84.145008,209.556203
2023-10-29,48.941848,49.605314,98.547162
2023-10-30,28.533111,18.020837,46.553948000000005
2023-10-31,83.215856,71.844439,155.060295
2023-11-01,119.508294,67.381107,186.88940100000002
2023-11-02,137.560727,81.081306,218.64203300000003
2023-11-03,97.974961,76.611204,174.586165
2023-11-04,75.213864,68.303395,143.517259
2023-11-05,110.29511,76.965558,187.260668
2023-11-06,97.09215,74.018849,171.110999
2023-11-07,110.599426,69.380353,179.979779
2023-11-08,66.865941,52.261724,119.12766500000001
2023-11-09,75.402325,51.795112,127.19743700000001
2023-11-10,35.086357,52.688008,87.774365
2023-11-11,6.659771,17.119775,23.779546
2023-11-12,82.083361,69.438547,151.521908
2023-11-13,103.989648,79.159208,183.14885600000002
2023-11-14,74.483384,75.632307,150.115691
2023-11-15,14.183034,22.082947,36.265981
2023-11-16,3.727666,6.136805,9.864471
2023-11-17,66.057808,72.092798,138.15060599999998
2023-11-18,119.234974,79.594039,198.82901299999997
2023-11-19,59.891391,40.77918,100.670571
2023-11-20,27.620061,34.167274,61.787335
2023-11-21,43.647476,40.922519,84.569995
2023-11-22,120.681341,83.139863,203.82120400000002
2023-11-23,115.342224,83.435245,198.777469
2023-11-24,60.819131,77.278273,138.09740399999998
2023-11-25,15.630841,29.30326,44.934101
2023-11-26,68.986874,49.458678,118.44555199999999
2023-11-27,59.494405,52.709024,112.203429
2023-11-28,40.232986,37.815437,78.048423
2023-11-29,0.90885,12.777287,13.686136999999999
2023-11-30,5.686329,17.214942,22.901271
2023-12-01,4.31853,4.169073,8.487603
2023-12-02,45.857491,63.180191,109.037682
2023-12-03,65.196764,81.271285,146.468049
2023-12-04,39.020497,59.520252,98.540749
2023-12-05,8.394615,21.852943,30.247557999999998
2023-12-06,34.848844,57.511533,92.360377
2023-12-07,38.523028,61.138076,99.661104
2023-12-08,102.322545,84.936336,187.258881
2023-12-09,125.59629,83.032924,208.629214
2023-12-10,99.465598,77.081399,176.546997
2023-12-11,20.864887,44.788703,65.65359
2023-12-12,25.05453,25.833926,50.888456000000005
2023-12-13,15.404971,27.853144,43.258115000000004
2023-12-14,17.739691,34.358593,52.098284
2023-12-15,72.478276,75.450713,147.928989
2023-12-16,101.677565,84.497123,186.174688
2023-12-17,104.066033,85.527471,189.593504
2023-12-18,79.587835,63.389414,142.977249
2023-12-19,114.572257,86.736103,201.30836
2023-12-20,133.887728,84.649745,218.537473
2023-12-21,134.153105,87.071624,221.22472900000002
2023-12-22,121.62149,81.398331,203.01982099999998
2023-12-23,145.704226,87.498261,233.20248700000002
2023-12-24,103.935124,73.330421,177.265545
2023-12-25,95.477092,61.147268,156.62436
2023-12-26,68.232054,66.861351,135.09340500000002
2023-12-27,143.656859,87.942626,231.59948500000002
2023-12-28,131.594992,86.482498,218.07749
2023-12-29,87.485227,81.255894,168.741121
2023-12-30,126.962095,88.239543,215.201638
